<?xml version="1.0" encoding="UTF-8"?>
<regions>
  <file name="activity.dwt"/>
  <file name="article.dwt">
    <region name="">
      <lib>goods_related</lib>
    </region>
    <region name=""/>
  </file>
  <file name="article_cat.dwt">
    <region name="">
      <lib>cart</lib>
      <lib>category_tree</lib>
      <lib>article_category_tree</lib>
      <lib>filter_attr</lib>
      <lib>price_grade</lib>
    </region>
    <region name=""/>
  </file>
  <file name="article_pro.dwt"/>
  <file name="auction.dwt">
    <region name="">
      <lib>cart</lib>
      <lib>category_tree</lib>
      <lib>goods_related</lib>
      <lib>goods_fittings</lib>
      <lib>goods_article</lib>
      <lib>goods_attrlinked</lib>
    </region>
    <region name=""/>
    <region name=""/>
  </file>
  <file name="auction_list.dwt">
    <region name="">
      <lib>cart</lib>
      <lib>category_tree</lib>
      <lib>goods_related</lib>
      <lib>goods_fittings</lib>
      <lib>goods_article</lib>
      <lib>goods_attrlinked</lib>
    </region>
    <region name=""/>
    <region name="">
      <lib>auction_hot</lib>
      <lib>pages</lib>
    </region>
  </file>
  <file name="brand.dwt">
    <region name="">
      <lib>cart</lib>
      <lib>category_tree</lib>
      <lib>filter_attr</lib>
      <lib>price_grade</lib>
    </region>
    <region name=""/>
    <region name="">
      <lib>recommend_best</lib>
      <lib>goods_list</lib>
      <lib>pages</lib>
    </region>
  </file>
  <file name="brand_list.dwt">
    <region name="">
      <lib>cart</lib>
      <lib>category_tree</lib>
      <lib>filter_attr</lib>
      <lib>price_grade</lib>
    </region>
    <region name=""/>
    <region name="ͨ"/>
  </file>
  <file name="catalog.dwt"/>
  <file name="category.dwt">
    <region name="">
      <lib>cart</lib>
      <lib>category_tree</lib>
      <lib>filter_attr</lib>
      <lib>price_grade</lib>
      <lib>category_history</lib>
    </region>
    <region name=""/>
    <region name="">
      <lib>category_recommend_best</lib>
	  <lib>category_recommend_hot</lib>
      <lib>goods_list</lib>
      <lib>pages</lib>
    </region>
  </file>
  
   <file name="merchants.dwt">
<region name="">
   <lib>cart</lib>
   <lib>category_tree</lib>
   <lib>filter_attr</lib>
   <lib>price_grade</lib>
   <lib>history</lib>
</region>
<region name=""/>
<region name="">
   <lib>recommend_best</lib>
   <lib>goods_list</lib>
   <lib>pages</lib>
</region>

<file name="merchants_steps.dwt">
<region name="">
   <lib>cart</lib>
   <lib>category_tree</lib>
   <lib>filter_attr</lib>
   <lib>price_grade</lib>
   <lib>history</lib>
</region>
<region name=""/>
<region name="">
   <lib>recommend_best</lib>
   <lib>goods_list</lib>
   <lib>pages</lib>
</region>
  
  <file name="compare.dwt"/>
  <file name="exchange_goods.dwt">
    <region name="">
      <lib>cart</lib>
      <lib>category_tree</lib>
    </region>
    <region name=""/>
    <region name=""/>
  </file>
  <file name="exchange_list.dwt">
    <region name="">
      <lib>cart</lib>
      <lib>category_tree</lib>
      <lib>filter_attr</lib>
      <lib>price_grade</lib>
      <lib>history</lib>
    </region>
    <region name=""/>
    <region name="">
      <lib>exchange_hot</lib>
	  <lib>exchange_best</lib>
      <lib>exchange_list</lib>
      <lib>pages</lib>
    </region>
  </file>
  <file name="flow.dwt"/>
  <file name="gallery.dwt"/>
  <file name="goods.dwt">
    <region name="">
      <lib>cart</lib>
      <lib>category_tree</lib>
      <lib>goods_related</lib>
      <lib>goods_fittings</lib>
      <lib>goods_article</lib>
      <lib>goods_attrlinked</lib>
	  <lib>history_goods</lib>
	  <lib>recommend_best_goods</lib>
	  <lib>recommend_new_goods</lib>
	  <lib>recommend_hot_goods</lib>
    </region>
    <region name=""/>
    <region name=""/>
    <region name="">
      <lib>goods_tags</lib>
      <lib>bought_goods</lib>
      <lib>bought_note_guide</lib>
      <lib>comments</lib>
    </region>
  </file>
  <file name="group_buy_goods.dwt">
    <region name="">
      <lib>cart</lib>
      <lib>category_tree</lib>
      <lib>goods_related</lib>
      <lib>goods_fittings</lib>
      <lib>goods_article</lib>
      <lib>goods_attrlinked</lib>
    </region>
    <region name=""/>
    <region name=""/>
  </file>
  <file name="group_buy_list.dwt">
    <region name="">
      <lib>cart</lib>
      <lib>category_tree</lib>
      <lib>goods_related</lib>
      <lib>goods_fittings</lib>
      <lib>goods_article</lib>
      <lib>goods_attrlinked</lib>
    </region>
    <region name=""/>
    <region name=""/>
  </file>
  <file name="index.dwt">
    <region name="">
      <lib>cart</lib>
      <lib>category_tree</lib>
      <lib>top10</lib>
      <lib>promotion_info</lib>
      <lib>auction</lib>
      <lib>group_buy</lib>
      <lib>order_query</lib>
      <lib>invoice_query</lib>
      <lib>vote_list</lib>
      <lib>email_list</lib>
    </region>
    <region name="վ"/>
    <region name="">
      <lib>recommend_best</lib>
      <lib>recommend_new</lib>
      <lib>recommend_hot</lib>
	  <lib>recommend_promotion</lib>
	  <lib>brands</lib>
    </region>
  </file>
  <file name="message.dwt"/>
  <file name="message_board.dwt">
    <region name="">
      <lib>cart</lib>
      <lib>category_tree</lib>
      <lib>goods_related</lib>
      <lib>goods_fittings</lib>
      <lib>goods_article</lib>
      <lib>goods_attrlinked</lib>
    </region>
    <region name=""/>
  </file>
  <file name="myship.dwt"/>
  <file name="pick_out.dwt">
    <region name="">
      <lib>cart</lib>
      <lib>categorys</lib>
      <lib>goods_related</lib>
      <lib>goods_fittings</lib>
      <lib>goods_article</lib>
      <lib>goods_attrlinked</lib>
    </region>
    <region name=""/>
  </file>
  <file name="quotation.dwt"/>
  <file name="receive.dwt"/>
  <file name="respond.dwt"/>
  <file name="search.dwt">
    <region name="">
      <lib>cart</lib>
      <lib>category_tree</lib>
      <lib>goods_related</lib>
      <lib>goods_fittings</lib>
      <lib>goods_article</lib>
      <lib>goods_attrlinked</lib>
    </region>
    <region name=""/>
  </file>
  <file name="snatch_list.dwt">
    <region name="">
      <lib>ur_here</lib>
    </region>
    <region name=""/>
	<region name="">
      <lib>snatch_hot</lib>
      <lib>pages</lib>
    </region>
  </file>
  <file name="snatch.dwt">
    <region name="">
      <lib>cart</lib>
      <lib>category_tree</lib>
      <lib>goods_related</lib>
      <lib>goods_fittings</lib>
      <lib>goods_article</lib>
      <lib>goods_attrlinked</lib>
    </region>
    <region name=""/>
  </file>
  <file name="style.css"/>
  <file name="tag_cloud.dwt"/>
  <file name="topic.dwt"/>
  <file name="user_clips.dwt"/>
  <file name="user_passport.dwt"/>
  <file name="user_transaction.dwt"/>
  <file name="wholesale_list.dwt"/>
  
 
  
</regions>
